id,firstname,lastname,email,email2,profession
100,Deedee,Crudden,Deedee.Crudden@yopmail.com,Deedee.Crudden@gmail.com,doctor
101,Agathe,Ummersen,Agathe.Ummersen@yopmail.com,Agathe.Ummersen@gmail.com,police officer
102,Quintina,Urania,Quintina.Urania@yopmail.com,Quintina.Urania@gmail.com,firefighter
103,Livvyy,Niccolo,Livvyy.Niccolo@yopmail.com,Livvyy.Niccolo@gmail.com,firefighter
104,Rochette,Hartnett,Rochette.Hartnett@yopmail.com,Rochette.Hartnett@gmail.com,firefighter
105,Carlie,Ellerey,Carlie.Ellerey@yopmail.com,Carlie.Ellerey@gmail.com,police officer
106,Gaylene,Killigrew,Gaylene.Killigrew@yopmail.com,Gaylene.Killigrew@gmail.com,worker
107,Ernesta,Stefa,Ernesta.Stefa@yopmail.com,Ernesta.Stefa@gmail.com,doctor
108,Janeczka,Stevy,Janeczka.Stevy@yopmail.com,Janeczka.Stevy@gmail.com,police officer
109,Beatriz,Jefferey,Beatriz.Jefferey@yopmail.com,Beatriz.Jefferey@gmail.com,doctor
110,Tobe,Weitman,Tobe.Weitman@yopmail.com,Tobe.Weitman@gmail.com,police officer
111,Daryl,Kat,Daryl.Kat@yopmail.com,Daryl.Kat@gmail.com,doctor
112,Orelia,Markman,Orelia.Markman@yopmail.com,Orelia.Markman@gmail.com,police officer
113,Agnese,Stanwood,Agnese.Stanwood@yopmail.com,Agnese.Stanwood@gmail.com,doctor
114,Jacquetta,Cath,Jacquetta.Cath@yopmail.com,Jacquetta.Cath@gmail.com,worker
115,Roz,Ochs,Roz.Ochs@yopmail.com,Roz.Ochs@gmail.com,firefighter
116,Charlena,Dreda,Charlena.Dreda@yopmail.com,Charlena.Dreda@gmail.com,developer
117,Natka,Lareena,Natka.Lareena@yopmail.com,Natka.Lareena@gmail.com,worker
118,Jasmina,Garrison,Jasmina.Garrison@yopmail.com,Jasmina.Garrison@gmail.com,firefighter
119,Jillayne,Craggie,Jillayne.Craggie@yopmail.com,Jillayne.Craggie@gmail.com,doctor
120,Vivia,Ivens,Vivia.Ivens@yopmail.com,Vivia.Ivens@gmail.com,firefighter
121,Ellette,Daniele,Ellette.Daniele@yopmail.com,Ellette.Daniele@gmail.com,police officer
122,Helsa,Sekofski,Helsa.Sekofski@yopmail.com,Helsa.Sekofski@gmail.com,firefighter
123,Annora,Parsaye,Annora.Parsaye@yopmail.com,Annora.Parsaye@gmail.com,firefighter
124,Calla,Gunn,Calla.Gunn@yopmail.com,Calla.Gunn@gmail.com,police officer
125,Augustine,Edvard,Augustine.Edvard@yopmail.com,Augustine.Edvard@gmail.com,worker
126,Orelia,Grosz,Orelia.Grosz@yopmail.com,Orelia.Grosz@gmail.com,doctor
127,Annecorinne,Hylan,Annecorinne.Hylan@yopmail.com,Annecorinne.Hylan@gmail.com,developer
128,Hettie,Leary,Hettie.Leary@yopmail.com,Hettie.Leary@gmail.com,firefighter
129,Taffy,Posner,Taffy.Posner@yopmail.com,Taffy.Posner@gmail.com,doctor
130,Alia,Mata,Alia.Mata@yopmail.com,Alia.Mata@gmail.com,firefighter
131,Tonia,Halla,Tonia.Halla@yopmail.com,Tonia.Halla@gmail.com,worker
132,Tani,Joseph,Tani.Joseph@yopmail.com,Tani.Joseph@gmail.com,police officer
133,Dawn,Howlyn,Dawn.Howlyn@yopmail.com,Dawn.Howlyn@gmail.com,developer
134,Inga,Shaddock,Inga.Shaddock@yopmail.com,Inga.Shaddock@gmail.com,worker
135,Margette,Persse,Margette.Persse@yopmail.com,Margette.Persse@gmail.com,police officer
136,Augustine,Emanuel,Augustine.Emanuel@yopmail.com,Augustine.Emanuel@gmail.com,worker
137,Bee,Giff,Bee.Giff@yopmail.com,Bee.Giff@gmail.com,developer
138,Iseabal,Lucienne,Iseabal.Lucienne@yopmail.com,Iseabal.Lucienne@gmail.com,worker
139,Sabina,Klemperer,Sabina.Klemperer@yopmail.com,Sabina.Klemperer@gmail.com,police officer
140,Hyacinthe,Kristi,Hyacinthe.Kristi@yopmail.com,Hyacinthe.Kristi@gmail.com,firefighter
141,Melina,Garrison,Melina.Garrison@yopmail.com,Melina.Garrison@gmail.com,firefighter
142,Moyna,Madelene,Moyna.Madelene@yopmail.com,Moyna.Madelene@gmail.com,worker
143,Minne,Phaidra,Minne.Phaidra@yopmail.com,Minne.Phaidra@gmail.com,developer
144,Elena,Armanda,Elena.Armanda@yopmail.com,Elena.Armanda@gmail.com,developer
145,Willetta,Hertzfeld,Willetta.Hertzfeld@yopmail.com,Willetta.Hertzfeld@gmail.com,firefighter
146,Charlena,Mike,Charlena.Mike@yopmail.com,Charlena.Mike@gmail.com,police officer
147,Bobinette,Pulsifer,Bobinette.Pulsifer@yopmail.com,Bobinette.Pulsifer@gmail.com,police officer
148,Corina,Shelba,Corina.Shelba@yopmail.com,Corina.Shelba@gmail.com,police officer
149,Winifred,Zachary,Winifred.Zachary@yopmail.com,Winifred.Zachary@gmail.com,worker
150,Melodie,Naashom,Melodie.Naashom@yopmail.com,Melodie.Naashom@gmail.com,developer
151,Jessy,Brackely,Jessy.Brackely@yopmail.com,Jessy.Brackely@gmail.com,firefighter
152,Mara,Jeanne,Mara.Jeanne@yopmail.com,Mara.Jeanne@gmail.com,worker
153,Zsa Zsa,Oscar,Zsa Zsa.Oscar@yopmail.com,Zsa Zsa.Oscar@gmail.com,firefighter
154,Grier,Phi,Grier.Phi@yopmail.com,Grier.Phi@gmail.com,doctor
155,Marleah,Myrilla,Marleah.Myrilla@yopmail.com,Marleah.Myrilla@gmail.com,doctor
156,Roberta,Norvol,Roberta.Norvol@yopmail.com,Roberta.Norvol@gmail.com,doctor
157,Glenda,Imelida,Glenda.Imelida@yopmail.com,Glenda.Imelida@gmail.com,firefighter
158,Selia,Hirsch,Selia.Hirsch@yopmail.com,Selia.Hirsch@gmail.com,doctor
159,Lusa,Bertold,Lusa.Bertold@yopmail.com,Lusa.Bertold@gmail.com,developer
160,Emilia,Lissi,Emilia.Lissi@yopmail.com,Emilia.Lissi@gmail.com,police officer
161,Claresta,Ortrude,Claresta.Ortrude@yopmail.com,Claresta.Ortrude@gmail.com,worker
162,Brynna,Nahum,Brynna.Nahum@yopmail.com,Brynna.Nahum@gmail.com,doctor
163,Ana,Nickola,Ana.Nickola@yopmail.com,Ana.Nickola@gmail.com,police officer
164,Cherrita,Yerkovich,Cherrita.Yerkovich@yopmail.com,Cherrita.Yerkovich@gmail.com,firefighter
165,Fawne,Zachary,Fawne.Zachary@yopmail.com,Fawne.Zachary@gmail.com,worker
166,Michaelina,Niles,Michaelina.Niles@yopmail.com,Michaelina.Niles@gmail.com,developer
167,Olivette,Sikorski,Olivette.Sikorski@yopmail.com,Olivette.Sikorski@gmail.com,developer
168,Babita,Allina,Babita.Allina@yopmail.com,Babita.Allina@gmail.com,firefighter
169,Minda,Shaver,Minda.Shaver@yopmail.com,Minda.Shaver@gmail.com,police officer
170,Lauryn,Briney,Lauryn.Briney@yopmail.com,Lauryn.Briney@gmail.com,doctor
171,Margarette,Callista,Margarette.Callista@yopmail.com,Margarette.Callista@gmail.com,police officer
172,Corene,Shanley,Corene.Shanley@yopmail.com,Corene.Shanley@gmail.com,doctor
173,Justinn,Gavrila,Justinn.Gavrila@yopmail.com,Justinn.Gavrila@gmail.com,doctor
174,Nickie,Papageno,Nickie.Papageno@yopmail.com,Nickie.Papageno@gmail.com,police officer
175,Jolyn,Eugenia,Jolyn.Eugenia@yopmail.com,Jolyn.Eugenia@gmail.com,doctor
176,Johna,Ciapas,Johna.Ciapas@yopmail.com,Johna.Ciapas@gmail.com,doctor
177,Arabel,Sekofski,Arabel.Sekofski@yopmail.com,Arabel.Sekofski@gmail.com,worker
178,Lanna,Hull,Lanna.Hull@yopmail.com,Lanna.Hull@gmail.com,doctor
179,Teriann,Leffen,Teriann.Leffen@yopmail.com,Teriann.Leffen@gmail.com,police officer
180,Jessamyn,Arquit,Jessamyn.Arquit@yopmail.com,Jessamyn.Arquit@gmail.com,police officer
181,Edee,Pauly,Edee.Pauly@yopmail.com,Edee.Pauly@gmail.com,firefighter
182,Audrie,O'Carroll,Audrie.O'Carroll@yopmail.com,Audrie.O'Carroll@gmail.com,worker
183,Annaliese,Clarissa,Annaliese.Clarissa@yopmail.com,Annaliese.Clarissa@gmail.com,worker
184,Pamella,Geffner,Pamella.Geffner@yopmail.com,Pamella.Geffner@gmail.com,firefighter
185,Meg,Chem,Meg.Chem@yopmail.com,Meg.Chem@gmail.com,developer
186,Raf,Tryck,Raf.Tryck@yopmail.com,Raf.Tryck@gmail.com,police officer
187,Beverley,Lorenz,Beverley.Lorenz@yopmail.com,Beverley.Lorenz@gmail.com,firefighter
188,Nikki,Roche,Nikki.Roche@yopmail.com,Nikki.Roche@gmail.com,police officer
189,Marline,Hieronymus,Marline.Hieronymus@yopmail.com,Marline.Hieronymus@gmail.com,doctor
190,Henriette,August,Henriette.August@yopmail.com,Henriette.August@gmail.com,doctor
191,Leontine,Berriman,Leontine.Berriman@yopmail.com,Leontine.Berriman@gmail.com,police officer
192,Wendi,Darrell,Wendi.Darrell@yopmail.com,Wendi.Darrell@gmail.com,police officer
193,Collen,Halsey,Collen.Halsey@yopmail.com,Collen.Halsey@gmail.com,developer
194,Rhoda,Noam,Rhoda.Noam@yopmail.com,Rhoda.Noam@gmail.com,worker
195,Ruthe,Yate,Ruthe.Yate@yopmail.com,Ruthe.Yate@gmail.com,worker
196,Asia,Carolin,Asia.Carolin@yopmail.com,Asia.Carolin@gmail.com,doctor
197,Tani,Bonilla,Tani.Bonilla@yopmail.com,Tani.Bonilla@gmail.com,doctor
198,Kirstin,Goldina,Kirstin.Goldina@yopmail.com,Kirstin.Goldina@gmail.com,firefighter
199,Miquela,Erich,Miquela.Erich@yopmail.com,Miquela.Erich@gmail.com,police officer
200,Roslyn,Shaddock,Roslyn.Shaddock@yopmail.com,Roslyn.Shaddock@gmail.com,doctor
201,Jasmina,Schwejda,Jasmina.Schwejda@yopmail.com,Jasmina.Schwejda@gmail.com,firefighter
202,Bee,Cressida,Bee.Cressida@yopmail.com,Bee.Cressida@gmail.com,developer
203,Maisey,Shaddock,Maisey.Shaddock@yopmail.com,Maisey.Shaddock@gmail.com,developer
204,Maye,Geffner,Maye.Geffner@yopmail.com,Maye.Geffner@gmail.com,developer
205,Halette,Estella,Halette.Estella@yopmail.com,Halette.Estella@gmail.com,worker
206,Orelia,Kenney,Orelia.Kenney@yopmail.com,Orelia.Kenney@gmail.com,firefighter
207,Merci,Syd,Merci.Syd@yopmail.com,Merci.Syd@gmail.com,firefighter
208,Cherrita,Bevin,Cherrita.Bevin@yopmail.com,Cherrita.Bevin@gmail.com,firefighter
209,Hayley,Bashemeth,Hayley.Bashemeth@yopmail.com,Hayley.Bashemeth@gmail.com,police officer
210,Desirae,Allys,Desirae.Allys@yopmail.com,Desirae.Allys@gmail.com,worker
211,Amii,Alexandr,Amii.Alexandr@yopmail.com,Amii.Alexandr@gmail.com,worker
212,Jaclyn,Larochelle,Jaclyn.Larochelle@yopmail.com,Jaclyn.Larochelle@gmail.com,firefighter
213,Kellen,Emmaline,Kellen.Emmaline@yopmail.com,Kellen.Emmaline@gmail.com,worker
214,Judy,Berriman,Judy.Berriman@yopmail.com,Judy.Berriman@gmail.com,firefighter
215,Wynne,Olnee,Wynne.Olnee@yopmail.com,Wynne.Olnee@gmail.com,doctor
216,Molli,Kiersten,Molli.Kiersten@yopmail.com,Molli.Kiersten@gmail.com,developer
217,Kate,Wandie,Kate.Wandie@yopmail.com,Kate.Wandie@gmail.com,firefighter
218,Shell,Margarete,Shell.Margarete@yopmail.com,Shell.Margarete@gmail.com,developer
219,Annice,Ciapas,Annice.Ciapas@yopmail.com,Annice.Ciapas@gmail.com,doctor
220,Ninnetta,Sherfield,Ninnetta.Sherfield@yopmail.com,Ninnetta.Sherfield@gmail.com,police officer
221,Odessa,Goddard,Odessa.Goddard@yopmail.com,Odessa.Goddard@gmail.com,doctor
222,Melodie,Jacobah,Melodie.Jacobah@yopmail.com,Melodie.Jacobah@gmail.com,worker
223,Hope,Jethro,Hope.Jethro@yopmail.com,Hope.Jethro@gmail.com,doctor
224,Candi,Neils,Candi.Neils@yopmail.com,Candi.Neils@gmail.com,doctor
225,Emma,Rugen,Emma.Rugen@yopmail.com,Emma.Rugen@gmail.com,worker
226,Lanae,Maryanne,Lanae.Maryanne@yopmail.com,Lanae.Maryanne@gmail.com,developer
227,Liana,Urania,Liana.Urania@yopmail.com,Liana.Urania@gmail.com,worker
228,Anestassia,Cornelia,Anestassia.Cornelia@yopmail.com,Anestassia.Cornelia@gmail.com,firefighter
229,Kara-Lynn,Bluh,Kara-Lynn.Bluh@yopmail.com,Kara-Lynn.Bluh@gmail.com,police officer
230,Vonny,Nicoline,Vonny.Nicoline@yopmail.com,Vonny.Nicoline@gmail.com,police officer
231,Florie,Gino,Florie.Gino@yopmail.com,Florie.Gino@gmail.com,developer
232,Feliza,Bashemeth,Feliza.Bashemeth@yopmail.com,Feliza.Bashemeth@gmail.com,worker
233,Lulita,Love,Lulita.Love@yopmail.com,Lulita.Love@gmail.com,worker
234,Celestyna,Swigart,Celestyna.Swigart@yopmail.com,Celestyna.Swigart@gmail.com,worker
235,Jeanna,Judye,Jeanna.Judye@yopmail.com,Jeanna.Judye@gmail.com,police officer
236,Fredericka,Jacinda,Fredericka.Jacinda@yopmail.com,Fredericka.Jacinda@gmail.com,doctor
237,Yetty,Xerxes,Yetty.Xerxes@yopmail.com,Yetty.Xerxes@gmail.com,police officer
238,Lily,Oriana,Lily.Oriana@yopmail.com,Lily.Oriana@gmail.com,developer
239,Marguerite,Yorick,Marguerite.Yorick@yopmail.com,Marguerite.Yorick@gmail.com,doctor
240,Orsola,Weitman,Orsola.Weitman@yopmail.com,Orsola.Weitman@gmail.com,worker
241,Pierette,Quent,Pierette.Quent@yopmail.com,Pierette.Quent@gmail.com,worker
242,Pamella,Seligman,Pamella.Seligman@yopmail.com,Pamella.Seligman@gmail.com,police officer
243,Allis,Leifeste,Allis.Leifeste@yopmail.com,Allis.Leifeste@gmail.com,doctor
244,Aaren,Suzetta,Aaren.Suzetta@yopmail.com,Aaren.Suzetta@gmail.com,developer
245,Arlena,Jotham,Arlena.Jotham@yopmail.com,Arlena.Jotham@gmail.com,developer
246,Mignon,Lattie,Mignon.Lattie@yopmail.com,Mignon.Lattie@gmail.com,police officer
247,Antonietta,Helve,Antonietta.Helve@yopmail.com,Antonietta.Helve@gmail.com,police officer
248,Justinn,Maryanne,Justinn.Maryanne@yopmail.com,Justinn.Maryanne@gmail.com,police officer
249,Max,Poll,Max.Poll@yopmail.com,Max.Poll@gmail.com,worker
250,Queenie,Tarrant,Queenie.Tarrant@yopmail.com,Queenie.Tarrant@gmail.com,developer
251,Annaliese,Trey,Annaliese.Trey@yopmail.com,Annaliese.Trey@gmail.com,firefighter
252,Cyndie,Kermit,Cyndie.Kermit@yopmail.com,Cyndie.Kermit@gmail.com,doctor
253,Robinia,Creamer,Robinia.Creamer@yopmail.com,Robinia.Creamer@gmail.com,doctor
254,Misha,Taam,Misha.Taam@yopmail.com,Misha.Taam@gmail.com,firefighter
255,Ruthe,Deegan,Ruthe.Deegan@yopmail.com,Ruthe.Deegan@gmail.com,firefighter
256,Taffy,Bow,Taffy.Bow@yopmail.com,Taffy.Bow@gmail.com,doctor
257,Stevana,Kirstin,Stevana.Kirstin@yopmail.com,Stevana.Kirstin@gmail.com,firefighter
258,Viki,Ehrman,Viki.Ehrman@yopmail.com,Viki.Ehrman@gmail.com,doctor
259,Abbie,Terencio,Abbie.Terencio@yopmail.com,Abbie.Terencio@gmail.com,doctor
260,Jaime,Cloris,Jaime.Cloris@yopmail.com,Jaime.Cloris@gmail.com,police officer
261,Alyda,Dash,Alyda.Dash@yopmail.com,Alyda.Dash@gmail.com,doctor
262,Cherrita,Vivle,Cherrita.Vivle@yopmail.com,Cherrita.Vivle@gmail.com,worker
263,Anica,Phyllis,Anica.Phyllis@yopmail.com,Anica.Phyllis@gmail.com,police officer
264,Lelah,Longfellow,Lelah.Longfellow@yopmail.com,Lelah.Longfellow@gmail.com,worker
265,Vinita,Campball,Vinita.Campball@yopmail.com,Vinita.Campball@gmail.com,developer
266,Kaja,Sothena,Kaja.Sothena@yopmail.com,Kaja.Sothena@gmail.com,developer
267,Sam,Ethban,Sam.Ethban@yopmail.com,Sam.Ethban@gmail.com,doctor
268,Lizzie,Burch,Lizzie.Burch@yopmail.com,Lizzie.Burch@gmail.com,firefighter
269,Babita,Anyah,Babita.Anyah@yopmail.com,Babita.Anyah@gmail.com,developer
270,Lyssa,Sallyann,Lyssa.Sallyann@yopmail.com,Lyssa.Sallyann@gmail.com,developer
271,Annora,Vharat,Annora.Vharat@yopmail.com,Annora.Vharat@gmail.com,firefighter
272,Cherilyn,Center,Cherilyn.Center@yopmail.com,Cherilyn.Center@gmail.com,police officer
273,Renae,Melleta,Renae.Melleta@yopmail.com,Renae.Melleta@gmail.com,worker
274,Shauna,Wyn,Shauna.Wyn@yopmail.com,Shauna.Wyn@gmail.com,worker
275,Andree,Fax,Andree.Fax@yopmail.com,Andree.Fax@gmail.com,firefighter
276,Kamilah,Macey,Kamilah.Macey@yopmail.com,Kamilah.Macey@gmail.com,police officer
277,Kalina,Breed,Kalina.Breed@yopmail.com,Kalina.Breed@gmail.com,worker
278,Alyda,Khorma,Alyda.Khorma@yopmail.com,Alyda.Khorma@gmail.com,doctor
279,Beverley,Guildroy,Beverley.Guildroy@yopmail.com,Beverley.Guildroy@gmail.com,firefighter
280,Aryn,Sperling,Aryn.Sperling@yopmail.com,Aryn.Sperling@gmail.com,firefighter
281,Darci,Reinke,Darci.Reinke@yopmail.com,Darci.Reinke@gmail.com,worker
282,Ileana,Bonilla,Ileana.Bonilla@yopmail.com,Ileana.Bonilla@gmail.com,doctor
283,Clementine,Ciro,Clementine.Ciro@yopmail.com,Clementine.Ciro@gmail.com,firefighter
284,Sissy,Lamoree,Sissy.Lamoree@yopmail.com,Sissy.Lamoree@gmail.com,developer
285,Millie,Lytton,Millie.Lytton@yopmail.com,Millie.Lytton@gmail.com,firefighter
286,Lily,Sharl,Lily.Sharl@yopmail.com,Lily.Sharl@gmail.com,worker
287,Pierette,Doig,Pierette.Doig@yopmail.com,Pierette.Doig@gmail.com,firefighter
288,Roberta,Ramona,Roberta.Ramona@yopmail.com,Roberta.Ramona@gmail.com,police officer
289,Cassondra,Diann,Cassondra.Diann@yopmail.com,Cassondra.Diann@gmail.com,worker
290,Mary,Bertold,Mary.Bertold@yopmail.com,Mary.Bertold@gmail.com,developer
291,Fidelia,Middleton,Fidelia.Middleton@yopmail.com,Fidelia.Middleton@gmail.com,worker
292,Emma,Mich,Emma.Mich@yopmail.com,Emma.Mich@gmail.com,doctor
293,Gui,Gombach,Gui.Gombach@yopmail.com,Gui.Gombach@gmail.com,police officer
294,Harrietta,Jarib,Harrietta.Jarib@yopmail.com,Harrietta.Jarib@gmail.com,doctor
295,Brena,Leary,Brena.Leary@yopmail.com,Brena.Leary@gmail.com,doctor
296,Dominga,Creamer,Dominga.Creamer@yopmail.com,Dominga.Creamer@gmail.com,worker
297,Melodie,Munn,Melodie.Munn@yopmail.com,Melodie.Munn@gmail.com,worker
298,Drucie,Monk,Drucie.Monk@yopmail.com,Drucie.Monk@gmail.com,developer
299,Jaime,Ellerey,Jaime.Ellerey@yopmail.com,Jaime.Ellerey@gmail.com,firefighter
300,Pamella,Poll,Pamella.Poll@yopmail.com,Pamella.Poll@gmail.com,firefighter
301,Beverley,Bartlett,Beverley.Bartlett@yopmail.com,Beverley.Bartlett@gmail.com,doctor
302,Claresta,Bergman,Claresta.Bergman@yopmail.com,Claresta.Bergman@gmail.com,doctor
303,Mireielle,Sikorski,Mireielle.Sikorski@yopmail.com,Mireielle.Sikorski@gmail.com,police officer
304,Mireielle,Weide,Mireielle.Weide@yopmail.com,Mireielle.Weide@gmail.com,worker
305,Emylee,Center,Emylee.Center@yopmail.com,Emylee.Center@gmail.com,police officer
306,Alyssa,Anselmi,Alyssa.Anselmi@yopmail.com,Alyssa.Anselmi@gmail.com,police officer
307,Tabbatha,Selway,Tabbatha.Selway@yopmail.com,Tabbatha.Selway@gmail.com,doctor
308,Teriann,Albertine,Teriann.Albertine@yopmail.com,Teriann.Albertine@gmail.com,doctor
309,Rosabelle,Noelyn,Rosabelle.Noelyn@yopmail.com,Rosabelle.Noelyn@gmail.com,worker
310,Merle,Gladstone,Merle.Gladstone@yopmail.com,Merle.Gladstone@gmail.com,firefighter
311,Atlanta,Pelagias,Atlanta.Pelagias@yopmail.com,Atlanta.Pelagias@gmail.com,worker
312,Chloris,Toffic,Chloris.Toffic@yopmail.com,Chloris.Toffic@gmail.com,developer
313,Jsandye,Montgomery,Jsandye.Montgomery@yopmail.com,Jsandye.Montgomery@gmail.com,firefighter
314,Sabina,Roumell,Sabina.Roumell@yopmail.com,Sabina.Roumell@gmail.com,developer
315,Penelopa,Wallis,Penelopa.Wallis@yopmail.com,Penelopa.Wallis@gmail.com,firefighter
316,Minne,Bergman,Minne.Bergman@yopmail.com,Minne.Bergman@gmail.com,firefighter
317,Chastity,Lia,Chastity.Lia@yopmail.com,Chastity.Lia@gmail.com,developer
318,Ileana,Janith,Ileana.Janith@yopmail.com,Ileana.Janith@gmail.com,firefighter
319,Daryl,Faro,Daryl.Faro@yopmail.com,Daryl.Faro@gmail.com,police officer
320,Celestyna,Sammons,Celestyna.Sammons@yopmail.com,Celestyna.Sammons@gmail.com,doctor
321,Lizzie,Carey,Lizzie.Carey@yopmail.com,Lizzie.Carey@gmail.com,worker
322,Oona,Wadell,Oona.Wadell@yopmail.com,Oona.Wadell@gmail.com,developer
323,Kelly,Goddard,Kelly.Goddard@yopmail.com,Kelly.Goddard@gmail.com,police officer
324,Florie,Payson,Florie.Payson@yopmail.com,Florie.Payson@gmail.com,doctor
325,Tobe,Norvol,Tobe.Norvol@yopmail.com,Tobe.Norvol@gmail.com,doctor
326,Rubie,Nea,Rubie.Nea@yopmail.com,Rubie.Nea@gmail.com,developer
327,Kerrin,McClimans,Kerrin.McClimans@yopmail.com,Kerrin.McClimans@gmail.com,firefighter
328,Addia,Adrienne,Addia.Adrienne@yopmail.com,Addia.Adrienne@gmail.com,firefighter
329,Aurore,Gower,Aurore.Gower@yopmail.com,Aurore.Gower@gmail.com,police officer
330,Aigneis,Love,Aigneis.Love@yopmail.com,Aigneis.Love@gmail.com,developer
331,Betta,Gower,Betta.Gower@yopmail.com,Betta.Gower@gmail.com,firefighter
332,Lily,Ophelia,Lily.Ophelia@yopmail.com,Lily.Ophelia@gmail.com,developer
333,Lyssa,Corilla,Lyssa.Corilla@yopmail.com,Lyssa.Corilla@gmail.com,firefighter
334,Nicoli,Israeli,Nicoli.Israeli@yopmail.com,Nicoli.Israeli@gmail.com,doctor
335,Angela,Erich,Angela.Erich@yopmail.com,Angela.Erich@gmail.com,firefighter
336,Wileen,Kauppi,Wileen.Kauppi@yopmail.com,Wileen.Kauppi@gmail.com,firefighter
337,Ginnie,Ariella,Ginnie.Ariella@yopmail.com,Ginnie.Ariella@gmail.com,police officer
338,Teriann,Eliathas,Teriann.Eliathas@yopmail.com,Teriann.Eliathas@gmail.com,doctor
339,Tori,Merna,Tori.Merna@yopmail.com,Tori.Merna@gmail.com,firefighter
340,Linet,Kendrick,Linet.Kendrick@yopmail.com,Linet.Kendrick@gmail.com,worker
341,Carmela,Campball,Carmela.Campball@yopmail.com,Carmela.Campball@gmail.com,developer
342,Christy,Dudley,Christy.Dudley@yopmail.com,Christy.Dudley@gmail.com,doctor
343,Deane,Kress,Deane.Kress@yopmail.com,Deane.Kress@gmail.com,doctor
344,Tatiania,Aloise,Tatiania.Aloise@yopmail.com,Tatiania.Aloise@gmail.com,developer
345,Nelle,Mallon,Nelle.Mallon@yopmail.com,Nelle.Mallon@gmail.com,police officer
346,Ginnie,Bryna,Ginnie.Bryna@yopmail.com,Ginnie.Bryna@gmail.com,developer
347,Eolanda,Bergman,Eolanda.Bergman@yopmail.com,Eolanda.Bergman@gmail.com,doctor
348,Cherrita,Muriel,Cherrita.Muriel@yopmail.com,Cherrita.Muriel@gmail.com,developer
349,Gale,Alfons,Gale.Alfons@yopmail.com,Gale.Alfons@gmail.com,worker
350,Carlie,Baudin,Carlie.Baudin@yopmail.com,Carlie.Baudin@gmail.com,developer
351,Kamilah,Colyer,Kamilah.Colyer@yopmail.com,Kamilah.Colyer@gmail.com,worker
352,Katharina,Pond,Katharina.Pond@yopmail.com,Katharina.Pond@gmail.com,worker
353,Roberta,Koziara,Roberta.Koziara@yopmail.com,Roberta.Koziara@gmail.com,police officer
354,Zsa Zsa,Maxi,Zsa Zsa.Maxi@yopmail.com,Zsa Zsa.Maxi@gmail.com,developer
355,Kary,Mich,Kary.Mich@yopmail.com,Kary.Mich@gmail.com,firefighter
356,Catrina,Friede,Catrina.Friede@yopmail.com,Catrina.Friede@gmail.com,firefighter
357,Karina,Noam,Karina.Noam@yopmail.com,Karina.Noam@gmail.com,worker
358,Imojean,Desai,Imojean.Desai@yopmail.com,Imojean.Desai@gmail.com,doctor
359,Caressa,Knowling,Caressa.Knowling@yopmail.com,Caressa.Knowling@gmail.com,firefighter
360,Moyna,Breed,Moyna.Breed@yopmail.com,Moyna.Breed@gmail.com,developer
361,Taffy,Reidar,Taffy.Reidar@yopmail.com,Taffy.Reidar@gmail.com,police officer
362,Roslyn,Schalles,Roslyn.Schalles@yopmail.com,Roslyn.Schalles@gmail.com,doctor
363,Lusa,Bendick,Lusa.Bendick@yopmail.com,Lusa.Bendick@gmail.com,developer
364,Harrietta,Maisey,Harrietta.Maisey@yopmail.com,Harrietta.Maisey@gmail.com,worker
365,Leona,Letsou,Leona.Letsou@yopmail.com,Leona.Letsou@gmail.com,worker
366,Meg,Teryn,Meg.Teryn@yopmail.com,Meg.Teryn@gmail.com,worker
367,Nikki,Quent,Nikki.Quent@yopmail.com,Nikki.Quent@gmail.com,doctor
368,Ebonee,Florina,Ebonee.Florina@yopmail.com,Ebonee.Florina@gmail.com,worker
369,Tabbatha,Jillane,Tabbatha.Jillane@yopmail.com,Tabbatha.Jillane@gmail.com,doctor
370,Loree,Wooster,Loree.Wooster@yopmail.com,Loree.Wooster@gmail.com,doctor
371,Ida,Si,Ida.Si@yopmail.com,Ida.Si@gmail.com,worker
372,Pearline,Ursulette,Pearline.Ursulette@yopmail.com,Pearline.Ursulette@gmail.com,developer
373,Myrtice,Nunci,Myrtice.Nunci@yopmail.com,Myrtice.Nunci@gmail.com,worker
374,Clementine,Toffic,Clementine.Toffic@yopmail.com,Clementine.Toffic@gmail.com,worker
375,Ruthe,Jefferey,Ruthe.Jefferey@yopmail.com,Ruthe.Jefferey@gmail.com,firefighter
376,Karly,Bates,Karly.Bates@yopmail.com,Karly.Bates@gmail.com,worker
377,Jacquetta,Boycey,Jacquetta.Boycey@yopmail.com,Jacquetta.Boycey@gmail.com,firefighter
378,Deedee,Adrienne,Deedee.Adrienne@yopmail.com,Deedee.Adrienne@gmail.com,doctor
379,Felice,Bord,Felice.Bord@yopmail.com,Felice.Bord@gmail.com,developer
380,Livvyy,Honoria,Livvyy.Honoria@yopmail.com,Livvyy.Honoria@gmail.com,firefighter
381,Wendi,Olympium,Wendi.Olympium@yopmail.com,Wendi.Olympium@gmail.com,firefighter
382,Jillayne,Ciapas,Jillayne.Ciapas@yopmail.com,Jillayne.Ciapas@gmail.com,worker
383,Roxane,Alfons,Roxane.Alfons@yopmail.com,Roxane.Alfons@gmail.com,doctor
384,Georgetta,Reinke,Georgetta.Reinke@yopmail.com,Georgetta.Reinke@gmail.com,police officer
385,Farrah,Bluh,Farrah.Bluh@yopmail.com,Farrah.Bluh@gmail.com,developer
386,Evita,Nicoline,Evita.Nicoline@yopmail.com,Evita.Nicoline@gmail.com,police officer
387,Phylis,Hazlett,Phylis.Hazlett@yopmail.com,Phylis.Hazlett@gmail.com,doctor
388,Joelly,Celestine,Joelly.Celestine@yopmail.com,Joelly.Celestine@gmail.com,worker
389,Concettina,Roarke,Concettina.Roarke@yopmail.com,Concettina.Roarke@gmail.com,worker
390,Marinna,Couture,Marinna.Couture@yopmail.com,Marinna.Couture@gmail.com,police officer
391,Charissa,Erskine,Charissa.Erskine@yopmail.com,Charissa.Erskine@gmail.com,developer
392,Ingrid,Old,Ingrid.Old@yopmail.com,Ingrid.Old@gmail.com,firefighter
393,Daune,Bethany,Daune.Bethany@yopmail.com,Daune.Bethany@gmail.com,developer
394,Layla,Ader,Layla.Ader@yopmail.com,Layla.Ader@gmail.com,developer
395,Deirdre,Lilybelle,Deirdre.Lilybelle@yopmail.com,Deirdre.Lilybelle@gmail.com,police officer
396,Rhoda,Albertine,Rhoda.Albertine@yopmail.com,Rhoda.Albertine@gmail.com,firefighter
397,Jacquetta,Anastatius,Jacquetta.Anastatius@yopmail.com,Jacquetta.Anastatius@gmail.com,developer
398,Rosene,Peonir,Rosene.Peonir@yopmail.com,Rosene.Peonir@gmail.com,firefighter
399,Jessamyn,Rad,Jessamyn.Rad@yopmail.com,Jessamyn.Rad@gmail.com,police officer
400,Imojean,Pitt,Imojean.Pitt@yopmail.com,Imojean.Pitt@gmail.com,police officer
401,Marleah,Harl,Marleah.Harl@yopmail.com,Marleah.Harl@gmail.com,worker
402,Lyssa,Fillbert,Lyssa.Fillbert@yopmail.com,Lyssa.Fillbert@gmail.com,doctor
403,Shaylyn,Konyn,Shaylyn.Konyn@yopmail.com,Shaylyn.Konyn@gmail.com,developer
404,Mariann,Lattie,Mariann.Lattie@yopmail.com,Mariann.Lattie@gmail.com,worker
405,Angela,Gibbeon,Angela.Gibbeon@yopmail.com,Angela.Gibbeon@gmail.com,police officer
406,Minne,Hollingsworth,Minne.Hollingsworth@yopmail.com,Minne.Hollingsworth@gmail.com,firefighter
407,Imojean,Virgin,Imojean.Virgin@yopmail.com,Imojean.Virgin@gmail.com,police officer
408,Micheline,Rosette,Micheline.Rosette@yopmail.com,Micheline.Rosette@gmail.com,doctor
409,Marsiella,Wyn,Marsiella.Wyn@yopmail.com,Marsiella.Wyn@gmail.com,doctor
410,Tracey,Jeanne,Tracey.Jeanne@yopmail.com,Tracey.Jeanne@gmail.com,doctor
411,Judy,Yoko,Judy.Yoko@yopmail.com,Judy.Yoko@gmail.com,doctor
412,Angelique,Tillford,Angelique.Tillford@yopmail.com,Angelique.Tillford@gmail.com,police officer
413,Raquela,Ezar,Raquela.Ezar@yopmail.com,Raquela.Ezar@gmail.com,police officer
414,Farrah,Gino,Farrah.Gino@yopmail.com,Farrah.Gino@gmail.com,developer
415,Hettie,Lail,Hettie.Lail@yopmail.com,Hettie.Lail@gmail.com,developer
416,Adele,Rebecka,Adele.Rebecka@yopmail.com,Adele.Rebecka@gmail.com,police officer
417,Evaleen,Thema,Evaleen.Thema@yopmail.com,Evaleen.Thema@gmail.com,doctor
418,Yolane,Thornburg,Yolane.Thornburg@yopmail.com,Yolane.Thornburg@gmail.com,worker
419,Rochette,Sisile,Rochette.Sisile@yopmail.com,Rochette.Sisile@gmail.com,doctor
420,Adele,Clywd,Adele.Clywd@yopmail.com,Adele.Clywd@gmail.com,doctor
421,Tami,Ursulette,Tami.Ursulette@yopmail.com,Tami.Ursulette@gmail.com,doctor
422,Vonny,Lay,Vonny.Lay@yopmail.com,Vonny.Lay@gmail.com,police officer
423,Liana,Astra,Liana.Astra@yopmail.com,Liana.Astra@gmail.com,police officer
424,Aeriela,Merna,Aeriela.Merna@yopmail.com,Aeriela.Merna@gmail.com,developer
425,Wanda,Catie,Wanda.Catie@yopmail.com,Wanda.Catie@gmail.com,worker
426,Thalia,Colp,Thalia.Colp@yopmail.com,Thalia.Colp@gmail.com,developer
427,Romona,Parette,Romona.Parette@yopmail.com,Romona.Parette@gmail.com,doctor
428,Madelle,Georgy,Madelle.Georgy@yopmail.com,Madelle.Georgy@gmail.com,police officer
429,Melisent,Ashok,Melisent.Ashok@yopmail.com,Melisent.Ashok@gmail.com,police officer
430,Devina,Fleeta,Devina.Fleeta@yopmail.com,Devina.Fleeta@gmail.com,police officer
431,Lorie,Henebry,Lorie.Henebry@yopmail.com,Lorie.Henebry@gmail.com,developer
432,Nikki,Bakerman,Nikki.Bakerman@yopmail.com,Nikki.Bakerman@gmail.com,police officer
433,Kara-Lynn,Allare,Kara-Lynn.Allare@yopmail.com,Kara-Lynn.Allare@gmail.com,firefighter
434,Roz,Ashok,Roz.Ashok@yopmail.com,Roz.Ashok@gmail.com,worker
435,Goldie,Raama,Goldie.Raama@yopmail.com,Goldie.Raama@gmail.com,police officer
436,Nyssa,Blase,Nyssa.Blase@yopmail.com,Nyssa.Blase@gmail.com,doctor
437,Mureil,Newell,Mureil.Newell@yopmail.com,Mureil.Newell@gmail.com,police officer
438,Lizzie,Francyne,Lizzie.Francyne@yopmail.com,Lizzie.Francyne@gmail.com,police officer
439,Elvira,Eno,Elvira.Eno@yopmail.com,Elvira.Eno@gmail.com,police officer
440,Miquela,Eachern,Miquela.Eachern@yopmail.com,Miquela.Eachern@gmail.com,doctor
441,Aili,Orpah,Aili.Orpah@yopmail.com,Aili.Orpah@gmail.com,police officer
442,Beatriz,Poll,Beatriz.Poll@yopmail.com,Beatriz.Poll@gmail.com,doctor
443,Orsola,Plato,Orsola.Plato@yopmail.com,Orsola.Plato@gmail.com,police officer
444,Madelle,Myrilla,Madelle.Myrilla@yopmail.com,Madelle.Myrilla@gmail.com,police officer
445,Ardeen,McGrody,Ardeen.McGrody@yopmail.com,Ardeen.McGrody@gmail.com,developer
446,Abbie,MacIntosh,Abbie.MacIntosh@yopmail.com,Abbie.MacIntosh@gmail.com,firefighter
447,Morganica,Sophronia,Morganica.Sophronia@yopmail.com,Morganica.Sophronia@gmail.com,worker
448,Hope,Desai,Hope.Desai@yopmail.com,Hope.Desai@gmail.com,worker
449,Ellette,Ader,Ellette.Ader@yopmail.com,Ellette.Ader@gmail.com,police officer
450,Malina,Chrystel,Malina.Chrystel@yopmail.com,Malina.Chrystel@gmail.com,worker
451,Emma,Korey,Emma.Korey@yopmail.com,Emma.Korey@gmail.com,worker
452,Carilyn,Weinreb,Carilyn.Weinreb@yopmail.com,Carilyn.Weinreb@gmail.com,doctor
453,Susan,Terencio,Susan.Terencio@yopmail.com,Susan.Terencio@gmail.com,police officer
454,Cordi,Edvard,Cordi.Edvard@yopmail.com,Cordi.Edvard@gmail.com,developer
455,Elsie,Bearnard,Elsie.Bearnard@yopmail.com,Elsie.Bearnard@gmail.com,police officer
456,Cristine,Joeann,Cristine.Joeann@yopmail.com,Cristine.Joeann@gmail.com,police officer
457,Gerrie,Zetta,Gerrie.Zetta@yopmail.com,Gerrie.Zetta@gmail.com,developer
458,Misha,Celestine,Misha.Celestine@yopmail.com,Misha.Celestine@gmail.com,developer
459,Georgetta,Brittani,Georgetta.Brittani@yopmail.com,Georgetta.Brittani@gmail.com,developer
460,Chandra,Wittie,Chandra.Wittie@yopmail.com,Chandra.Wittie@gmail.com,developer
461,Ottilie,Schlosser,Ottilie.Schlosser@yopmail.com,Ottilie.Schlosser@gmail.com,police officer
462,Harmonia,Tryck,Harmonia.Tryck@yopmail.com,Harmonia.Tryck@gmail.com,police officer
463,Danny,Franza,Danny.Franza@yopmail.com,Danny.Franza@gmail.com,developer
464,Lita,Maples,Lita.Maples@yopmail.com,Lita.Maples@gmail.com,police officer
465,Ellette,Bryna,Ellette.Bryna@yopmail.com,Ellette.Bryna@gmail.com,developer
466,Andree,Behre,Andree.Behre@yopmail.com,Andree.Behre@gmail.com,firefighter
467,Elsie,Kare,Elsie.Kare@yopmail.com,Elsie.Kare@gmail.com,firefighter
468,Rhoda,Lemuela,Rhoda.Lemuela@yopmail.com,Rhoda.Lemuela@gmail.com,worker
469,Dorothy,Lasley,Dorothy.Lasley@yopmail.com,Dorothy.Lasley@gmail.com,developer
470,Kimberley,Poppy,Kimberley.Poppy@yopmail.com,Kimberley.Poppy@gmail.com,firefighter
471,Lacie,Tippets,Lacie.Tippets@yopmail.com,Lacie.Tippets@gmail.com,police officer
472,Mara,Tacye,Mara.Tacye@yopmail.com,Mara.Tacye@gmail.com,developer
473,Margarette,Lia,Margarette.Lia@yopmail.com,Margarette.Lia@gmail.com,firefighter
474,Lenna,Thomasina,Lenna.Thomasina@yopmail.com,Lenna.Thomasina@gmail.com,firefighter
475,Drucie,Rozanna,Drucie.Rozanna@yopmail.com,Drucie.Rozanna@gmail.com,developer
476,Elmira,Nicoline,Elmira.Nicoline@yopmail.com,Elmira.Nicoline@gmail.com,worker
477,Lenna,Abbot,Lenna.Abbot@yopmail.com,Lenna.Abbot@gmail.com,doctor
478,Carolina,Diann,Carolina.Diann@yopmail.com,Carolina.Diann@gmail.com,firefighter
479,Cacilie,Fiester,Cacilie.Fiester@yopmail.com,Cacilie.Fiester@gmail.com,doctor
480,Marinna,Horan,Marinna.Horan@yopmail.com,Marinna.Horan@gmail.com,firefighter
481,Betta,Dosia,Betta.Dosia@yopmail.com,Betta.Dosia@gmail.com,police officer
482,Ellette,Matthew,Ellette.Matthew@yopmail.com,Ellette.Matthew@gmail.com,worker
483,Caryl,Olympium,Caryl.Olympium@yopmail.com,Caryl.Olympium@gmail.com,worker
484,Selma,Elsinore,Selma.Elsinore@yopmail.com,Selma.Elsinore@gmail.com,police officer
485,Tina,Kesley,Tina.Kesley@yopmail.com,Tina.Kesley@gmail.com,firefighter
486,Ashlee,Claudine,Ashlee.Claudine@yopmail.com,Ashlee.Claudine@gmail.com,firefighter
487,Cyndie,Kronfeld,Cyndie.Kronfeld@yopmail.com,Cyndie.Kronfeld@gmail.com,worker
488,Wendi,Greenwald,Wendi.Greenwald@yopmail.com,Wendi.Greenwald@gmail.com,worker
489,Britni,Herrera,Britni.Herrera@yopmail.com,Britni.Herrera@gmail.com,doctor
490,Julieta,Stuart,Julieta.Stuart@yopmail.com,Julieta.Stuart@gmail.com,developer
491,Carree,Cordi,Carree.Cordi@yopmail.com,Carree.Cordi@gmail.com,police officer
492,Gratia,Danby,Gratia.Danby@yopmail.com,Gratia.Danby@gmail.com,doctor
493,Meghann,Rugen,Meghann.Rugen@yopmail.com,Meghann.Rugen@gmail.com,doctor
494,Drucie,Read,Drucie.Read@yopmail.com,Drucie.Read@gmail.com,firefighter
495,Shaine,Zina,Shaine.Zina@yopmail.com,Shaine.Zina@gmail.com,police officer
496,Doro,Urania,Doro.Urania@yopmail.com,Doro.Urania@gmail.com,police officer
497,Tomasina,Iphlgenia,Tomasina.Iphlgenia@yopmail.com,Tomasina.Iphlgenia@gmail.com,worker
498,Daryl,Aida,Daryl.Aida@yopmail.com,Daryl.Aida@gmail.com,firefighter
499,Candy,Ramona,Candy.Ramona@yopmail.com,Candy.Ramona@gmail.com,firefighter
500,Britni,Wolfgram,Britni.Wolfgram@yopmail.com,Britni.Wolfgram@gmail.com,police officer
501,Gianina,Claudine,Gianina.Claudine@yopmail.com,Gianina.Claudine@gmail.com,developer
502,Sharlene,Obed,Sharlene.Obed@yopmail.com,Sharlene.Obed@gmail.com,developer
503,Zsa Zsa,Brunell,Zsa Zsa.Brunell@yopmail.com,Zsa Zsa.Brunell@gmail.com,worker
504,Leanna,Helve,Leanna.Helve@yopmail.com,Leanna.Helve@gmail.com,worker
505,Bee,Barbey,Bee.Barbey@yopmail.com,Bee.Barbey@gmail.com,worker
506,Sashenka,Rad,Sashenka.Rad@yopmail.com,Sashenka.Rad@gmail.com,police officer
507,Daune,Drus,Daune.Drus@yopmail.com,Daune.Drus@gmail.com,police officer
508,Marylou,Whiffen,Marylou.Whiffen@yopmail.com,Marylou.Whiffen@gmail.com,worker
509,Dagmar,Maurine,Dagmar.Maurine@yopmail.com,Dagmar.Maurine@gmail.com,police officer
510,Evaleen,Melony,Evaleen.Melony@yopmail.com,Evaleen.Melony@gmail.com,developer
511,Brena,Adalbert,Brena.Adalbert@yopmail.com,Brena.Adalbert@gmail.com,police officer
512,Jaime,Devlen,Jaime.Devlen@yopmail.com,Jaime.Devlen@gmail.com,doctor
513,Jenilee,Publia,Jenilee.Publia@yopmail.com,Jenilee.Publia@gmail.com,police officer
514,Sheelagh,Heisel,Sheelagh.Heisel@yopmail.com,Sheelagh.Heisel@gmail.com,firefighter
515,Nessie,Old,Nessie.Old@yopmail.com,Nessie.Old@gmail.com,developer
516,Clementine,Marisa,Clementine.Marisa@yopmail.com,Clementine.Marisa@gmail.com,police officer
517,Lenna,Orlene,Lenna.Orlene@yopmail.com,Lenna.Orlene@gmail.com,doctor
518,Harrietta,Kinnard,Harrietta.Kinnard@yopmail.com,Harrietta.Kinnard@gmail.com,firefighter
519,Elka,Odell,Elka.Odell@yopmail.com,Elka.Odell@gmail.com,developer
520,Alleen,Raychel,Alleen.Raychel@yopmail.com,Alleen.Raychel@gmail.com,firefighter
521,Andeee,Ardra,Andeee.Ardra@yopmail.com,Andeee.Ardra@gmail.com,doctor
522,Ursulina,Muriel,Ursulina.Muriel@yopmail.com,Ursulina.Muriel@gmail.com,developer
523,Therine,Oriana,Therine.Oriana@yopmail.com,Therine.Oriana@gmail.com,police officer
524,Genovera,Magdalen,Genovera.Magdalen@yopmail.com,Genovera.Magdalen@gmail.com,developer
525,Kate,Urania,Kate.Urania@yopmail.com,Kate.Urania@gmail.com,firefighter
526,Rivalee,Malvino,Rivalee.Malvino@yopmail.com,Rivalee.Malvino@gmail.com,worker
527,Sidoney,Stephie,Sidoney.Stephie@yopmail.com,Sidoney.Stephie@gmail.com,firefighter
528,Jessy,Edmund,Jessy.Edmund@yopmail.com,Jessy.Edmund@gmail.com,doctor
529,Magdalena,Lewes,Magdalena.Lewes@yopmail.com,Magdalena.Lewes@gmail.com,worker
530,Shannah,Edee,Shannah.Edee@yopmail.com,Shannah.Edee@gmail.com,developer
531,Ronna,Brittani,Ronna.Brittani@yopmail.com,Ronna.Brittani@gmail.com,firefighter
532,Therine,Wenoa,Therine.Wenoa@yopmail.com,Therine.Wenoa@gmail.com,police officer
533,Nita,Stelle,Nita.Stelle@yopmail.com,Nita.Stelle@gmail.com,developer
534,Shannah,Liva,Shannah.Liva@yopmail.com,Shannah.Liva@gmail.com,doctor
535,Dominga,Tillford,Dominga.Tillford@yopmail.com,Dominga.Tillford@gmail.com,police officer
536,Cassandra,Rubie,Cassandra.Rubie@yopmail.com,Cassandra.Rubie@gmail.com,doctor
537,Henriette,Macey,Henriette.Macey@yopmail.com,Henriette.Macey@gmail.com,police officer
538,Larine,Bandeen,Larine.Bandeen@yopmail.com,Larine.Bandeen@gmail.com,firefighter
539,Juliane,Cavan,Juliane.Cavan@yopmail.com,Juliane.Cavan@gmail.com,firefighter
540,Aurelie,Darian,Aurelie.Darian@yopmail.com,Aurelie.Darian@gmail.com,doctor
541,Tracey,Corrine,Tracey.Corrine@yopmail.com,Tracey.Corrine@gmail.com,worker
542,Jenilee,Seessel,Jenilee.Seessel@yopmail.com,Jenilee.Seessel@gmail.com,police officer
543,Blake,Presber,Blake.Presber@yopmail.com,Blake.Presber@gmail.com,doctor
544,Natka,Hurley,Natka.Hurley@yopmail.com,Natka.Hurley@gmail.com,developer
545,Carly,Engdahl,Carly.Engdahl@yopmail.com,Carly.Engdahl@gmail.com,worker
546,Ada,Hamil,Ada.Hamil@yopmail.com,Ada.Hamil@gmail.com,firefighter
547,Letizia,Iiette,Letizia.Iiette@yopmail.com,Letizia.Iiette@gmail.com,worker
548,Taffy,Whittaker,Taffy.Whittaker@yopmail.com,Taffy.Whittaker@gmail.com,doctor
549,Lacie,Argus,Lacie.Argus@yopmail.com,Lacie.Argus@gmail.com,firefighter
550,Tatiania,Laverne,Tatiania.Laverne@yopmail.com,Tatiania.Laverne@gmail.com,firefighter
551,Oralee,Crudden,Oralee.Crudden@yopmail.com,Oralee.Crudden@gmail.com,police officer
552,Nonnah,Chobot,Nonnah.Chobot@yopmail.com,Nonnah.Chobot@gmail.com,worker
553,Gaylene,Tacye,Gaylene.Tacye@yopmail.com,Gaylene.Tacye@gmail.com,firefighter
554,Alyda,Mayeda,Alyda.Mayeda@yopmail.com,Alyda.Mayeda@gmail.com,worker
555,Belinda,Pip,Belinda.Pip@yopmail.com,Belinda.Pip@gmail.com,doctor
556,Collen,Taima,Collen.Taima@yopmail.com,Collen.Taima@gmail.com,doctor
557,Audrie,Genna,Audrie.Genna@yopmail.com,Audrie.Genna@gmail.com,developer
558,Jessamyn,Wadell,Jessamyn.Wadell@yopmail.com,Jessamyn.Wadell@gmail.com,doctor
559,Katuscha,O'Rourke,Katuscha.O'Rourke@yopmail.com,Katuscha.O'Rourke@gmail.com,doctor
560,Karolina,Zitvaa,Karolina.Zitvaa@yopmail.com,Karolina.Zitvaa@gmail.com,doctor
561,Lauryn,Vale,Lauryn.Vale@yopmail.com,Lauryn.Vale@gmail.com,doctor
562,Madelle,Rad,Madelle.Rad@yopmail.com,Madelle.Rad@gmail.com,worker
563,Wanda,Ehrman,Wanda.Ehrman@yopmail.com,Wanda.Ehrman@gmail.com,developer
564,Atlanta,Rugen,Atlanta.Rugen@yopmail.com,Atlanta.Rugen@gmail.com,firefighter
565,Genovera,Etom,Genovera.Etom@yopmail.com,Genovera.Etom@gmail.com,developer
566,Wendi,Masao,Wendi.Masao@yopmail.com,Wendi.Masao@gmail.com,firefighter
567,Emylee,Secrest,Emylee.Secrest@yopmail.com,Emylee.Secrest@gmail.com,police officer
568,Arlina,Izaak,Arlina.Izaak@yopmail.com,Arlina.Izaak@gmail.com,firefighter
569,Cecile,Yuille,Cecile.Yuille@yopmail.com,Cecile.Yuille@gmail.com,police officer
570,Ursulina,Lanita,Ursulina.Lanita@yopmail.com,Ursulina.Lanita@gmail.com,firefighter
571,Cherilyn,Braun,Cherilyn.Braun@yopmail.com,Cherilyn.Braun@gmail.com,doctor
572,Monika,Syd,Monika.Syd@yopmail.com,Monika.Syd@gmail.com,doctor
573,Roslyn,Matthew,Roslyn.Matthew@yopmail.com,Roslyn.Matthew@gmail.com,developer
574,Damaris,Hurley,Damaris.Hurley@yopmail.com,Damaris.Hurley@gmail.com,police officer
575,Ottilie,Dorothy,Ottilie.Dorothy@yopmail.com,Ottilie.Dorothy@gmail.com,worker
576,Mariele,Devlen,Mariele.Devlen@yopmail.com,Mariele.Devlen@gmail.com,firefighter
577,Dorothy,Wattenberg,Dorothy.Wattenberg@yopmail.com,Dorothy.Wattenberg@gmail.com,worker
578,Miquela,Schalles,Miquela.Schalles@yopmail.com,Miquela.Schalles@gmail.com,police officer
579,Camile,Adore,Camile.Adore@yopmail.com,Camile.Adore@gmail.com,firefighter
580,Carmela,Gombach,Carmela.Gombach@yopmail.com,Carmela.Gombach@gmail.com,doctor
581,Jacenta,Keily,Jacenta.Keily@yopmail.com,Jacenta.Keily@gmail.com,firefighter
582,Phedra,Kylander,Phedra.Kylander@yopmail.com,Phedra.Kylander@gmail.com,firefighter
583,Alameda,Iaverne,Alameda.Iaverne@yopmail.com,Alameda.Iaverne@gmail.com,firefighter
584,Grier,Zamora,Grier.Zamora@yopmail.com,Grier.Zamora@gmail.com,developer
585,Hope,Buffum,Hope.Buffum@yopmail.com,Hope.Buffum@gmail.com,developer
586,Elora,Billye,Elora.Billye@yopmail.com,Elora.Billye@gmail.com,doctor
587,Andeee,Ephrem,Andeee.Ephrem@yopmail.com,Andeee.Ephrem@gmail.com,worker
588,Glynnis,Destinee,Glynnis.Destinee@yopmail.com,Glynnis.Destinee@gmail.com,police officer
589,Etta,Dominy,Etta.Dominy@yopmail.com,Etta.Dominy@gmail.com,developer
590,Madeleine,Nickola,Madeleine.Nickola@yopmail.com,Madeleine.Nickola@gmail.com,police officer
591,Adore,Creamer,Adore.Creamer@yopmail.com,Adore.Creamer@gmail.com,police officer
592,Kial,Thunell,Kial.Thunell@yopmail.com,Kial.Thunell@gmail.com,doctor
593,Gretal,Ranjiv,Gretal.Ranjiv@yopmail.com,Gretal.Ranjiv@gmail.com,developer
594,Norine,Pauly,Norine.Pauly@yopmail.com,Norine.Pauly@gmail.com,doctor
595,Gusty,Whiffen,Gusty.Whiffen@yopmail.com,Gusty.Whiffen@gmail.com,developer
596,Gusella,Tristram,Gusella.Tristram@yopmail.com,Gusella.Tristram@gmail.com,doctor
597,Krystle,Milson,Krystle.Milson@yopmail.com,Krystle.Milson@gmail.com,doctor
598,Emma,Ciapas,Emma.Ciapas@yopmail.com,Emma.Ciapas@gmail.com,police officer
599,Luci,Colyer,Luci.Colyer@yopmail.com,Luci.Colyer@gmail.com,doctor
